name,lat,lon,addr:city,addr:country,addr:housenumber,addr:postcode,addr:street,amenity,email,indoor_seating,name,opening_hours,operator,outdoor_seating,phone,website,wheelchair,check_date:opening_hours,smoking,toilets:wheelchair,check_date,cuisine,contact:facebook,level,opening_hours:signed,toilets,description,note,payment:cash,payment:contactless,payment:credit_cards,payment:debit_cards,theme,wheelchair:description,contact:phone,brewery,contact:email,contact:website,old_name,contact:instagram,contact:mobile,min_age,building,wikidata,building:levels,contact:twitter,roof:levels,roof:shape
Heimat,49.0199887,12.0919512,Regensburg,DE,9,93047,Am Römling,pub,info@heimat-rgb.de,yes,Heimat,Mo-Sa 20:00-02:00,AndyZorn/Matthäus Sledziecki,yes,+49 941 29063881,https://www.heimat-regensburg.de/,no,,,,,,,,,,,,,,,,,,,,,,,,,,,,,,,
Irish Harp,49.0208415,12.0969389,,,,,,pub,,yes,Irish Harp,"Su-Th 18:00-01:00, Fr,Sa 16:00-02:00",,yes,,,no,2025-09-15,,,,,,,,,,,,,,,,,,,,,,,,,,,,,,
Apotheke GbR,49.018994,12.0933471,Regensburg,DE,8,93047,Rote-Hahnen-Gasse,pub,,yes,Apotheke GbR,Mo-Th 10:00-01:00; Fr-Sa 10:00-02:00; Su 18:00-24:00,,yes,+49 941 5843999,,yes,,outside,no,,,,,,,,,,,,,,,,,,,,,,,,,,,,
Hinterhaus,49.0192694,12.0924936,,,,,,pub,,yes,Hinterhaus,18:00-02:00,,yes,+49 941 60715950,https://www.hinterhaus-regensburg.de/,limited,2025-10-18,,,2025-10-18,,,,,,,,,,,,,,,,,,,,,,,,,,,
Freunde der italienischen Oper,49.019063,12.0928089,,,,,,pub,info@carlitos-regensburg.com,yes,Freunde der italienischen Oper,Tu-Sa 19:00-02:00,,no,,,,,,,,mexican,,,,,,,,,,,,,,,,,,,,,,,,,,
Olle Gaffel,49.0188123,12.092429,,,,,,pub,,yes,Olle Gaffel,"Tu-Th 17:00-01:00, Fr 17:00-02:00, Sa,Su 13:00-02:00",,yes,,,limited,,,,,,OlleGaffelRegensburg,,,,,,,,,,,,,,,,,,,,,,,,,
Zweigstelle,49.019062,12.093236,,,,,,pub,,yes,Zweigstelle,"Th,Fr,Sa 20:00-02:00",,no,,,no,,,,2025-05-26,,,1,,,,,,,,,,,,,,,,,,,,,,,,
Central Billard,49.0190793,12.0931316,,,,,,pub,,yes,Central Billard,Mo-Su 19:00-02:00,,no,,,no,,,,2025-05-26,,,2,,,,,,,,,,,,,,,,,,,,,,,,
Wuid & Schee,49.0203765,12.0976892,Regensburg,DE,1,93047,Unter den Schwibbögen,bar,,,Wuid & Schee,,,,+49 171 3637996,,no,,no,,2024-03-29,,,,,,,,,,,,,,,,,,,,,,,,,,,
Orange Bar,49.0211379,12.0936159,,,,,,bar,,,Orange Bar,"Tu-Th 20:00-01:00, Fr,Sa 20:00-02:00",,,,http://www.orange-bar-regensburg.de/,no,,,,,,,,,,,,,,,,,,,,,,,,,,,,,,,
Murphy's Law,49.0177702,12.0939292,Regensburg,DE,6,93047,Spiegelgasse,pub,,yes,Murphy's Law,"Su-We 18:00-01:00, Th-Sa 18:00-02:00",,no,+49 941 53295,https://www.murphyslaw-regensburg.de/,no,,no,,,irish;pizza;salad,,-1,,,,,,,,,,,,,,,,,,,,,,,,
da Silva,49.0166878,12.0959919,Regensburg,DE,9,93047,Obermünsterstraße,bar,,yes,da Silva,"Tu, Th-Sa 21:00-02:00",,no,,,limited,,,no,2025-05-26,,,,,,,,,,,,,,,,,,,,,,,,,,,
Banane,49.0205828,12.09194,,,,,,pub,,yes,Banane,Tu-Sa 18:00-02:00,,no,,,,,,,2025-10-28,,https://www.facebook.com/Banane-Regensburg-Official-1510087995932022/,,,,,,,,,,,,,,,,,,,,,,,,,
Piratenhöhle,49.0208069,12.0952906,,,,,,pub,info@piratenhoehle.de,,Piratenhöhle,Th-Sa 20:00-02:00,,,+49 941 5676655,http://www.piratenhoehle.de/,no,2025-08-25,,,,,,-1,,,,,,,,,,,,,,,,,,,,,,,,
Flannigan's,49.0210155,12.0940149,Regensburg,DE,2,93047,Baumhackergasse,bar,,,Flannigan's,"Mo-Th 20:00-02:00, Fr,Sa 19:30-02:00",,,+49 941 53481,,no,2025-01-14,,,,,,,,,,,,,,,,,,,,,,,,,,,,,,
The Byrdcave,49.021261,12.0927913,,,,,,bar,,yes,The Byrdcave,,,yes,,,no,2025-09-06,,,,,,-1,no,yes,,,,,,,,,,,,,,,,,,,,,,
Ka5par,49.0190066,12.0942751,Regensburg,DE,5,93047,Hinter der Grieb,bar,kontakt@ka5per.de,,Ka5par,,,,+49 941 59579099,https://ka5per.de/,limited,,,,,,,,,,,,,,,,,,,,,,,,,,,,,,,
Escobar,49.0173804,12.0937402,,,,,,pub,,yes,Escobar,,,no,,,no,,,,,,,,,,,,,,,,,,,,,,,,,,,,,,,
Blomberg,49.0189563,12.0890521,Regensburg,DE,1,93047,Jakobstraße,bar,cafeblomberg@gmail.com,yes,Blomberg,Mo-Su 10:00-24:00,,yes,+49 941 465 235 82,,limited,,,,,,,,,,,,,,,,,,,,,,,,,,,,,,,
The Artemis Heaven Bar,49.0204928,12.0892111,Regensburg,DE,7,93047,Rote-Löwen-Straße,bar,,,The Artemis Heaven Bar,"Mo,We,Th 14:00-24:00, Fr,Sa 10:00-02:00",,,,,limited,,,,,,,,,,,,,,,,,,,,,,,,,,,,,,,
Zum Sauseneck,49.0212139,12.0939322,,,,,,pub,,,Zum Sauseneck,,,,+49 941 53706,,limited,,,,,,,,,,,,,,,,,,,,,,,,,,,,,,,
Musikbar Sax,49.0178439,12.0931478,Regensburg,DE,1,93047,Hinter der Pfannenschmiede,pub,,,Musikbar Sax,"Su-We 20:00-02:00, Th-Sa 20:00-03:00",Edgar Bilz,,+49 941 561750,,limited,,,,,,,,,,Eintritt ab 18 Jahren,Alternative Musikkneipe und Studentencafé,,,,,,,,,,,,,,,,,,,,
Rotkäppchen,49.0153208,12.0978363,Regensburg,DE,14,93047,Fröhliche-Türken-Straße,pub,,yes,Rotkäppchen,Mo-Su 20:00-02:00,,no,,,no,,,,2025-09-10,,,,,,,,,,,,,,,,,,,,,,,,,,,
Zur geflickten Trommel,49.018696,12.0942728,Regensburg,DE,2,93047,Gesandtenstraße,pub,mail@zur-geflickten-trommel.de,yes,Zur geflickten Trommel,"Su-Th 17:00-01:00, Fr-Sa 17:00-02:00",,yes,+49 941 56996489,http://www.geflickte-trommel.de/,no,,,,,medieval,,0,,yes,,,yes,no,no,no,medieval,,,,,,,,,,,,,,,
mono,49.0193966,12.0926684,Regensburg,DE,2,93047,Rote-Hahnen-Gasse,pub,,yes,mono,"Mo-Su,PH 18:00-02:00",,yes,,https://www.monoregensburg.de/,no,2025-10-18,,,2025-10-18,,,,,,,,,,,,,,,,,,,,,,,,,,,
Bar 13,49.0212927,12.0926547,,,,,,pub,,yes,Bar 13,"Mo 20:00-03:00, Tu-Th 20:00-02:00, Fr,Sa,PH -1 day 20:00-04:00, Su 20:00-01:00",,no,,https://www.bar-13.de/,no,,,,2025-01-14,,,,,,,,,,,,,,,,,,,,,,,,,,,
U-Bar,49.0178327,12.094138,Regensburg,DE,3,93047,Spiegelgasse,bar,christianschoenek@web.de,,U-Bar,"Tu,Fr,Sa 22:00-02:00, We 22:00-01:00, Th 21:30-02:00",,,,http://www.u-bar-regensburg.net,no,,,,2025-05-26,,,,,,,,,,,,,,,,,,,,,,,,,,,
BÜRO,49.02131,12.0925149,,,,,,bar,info@kneipe-büro.de,yes,BÜRO,We-Sa 20:00-02:00,,yes,+49 941 5676204,https://www.buero-regensburg.de/,limited,2025-09-06,,no,,,,,,,,,,,,,,Handrolli mit Hilfe erreichbar. E-Rolli mit Hilfe nicht erreichbar.,,,,,,,,,,,,,,
Filmbühne,49.0208442,12.0971226,Regensburg,DE,2,93047,Taubengäßchen,pub,,yes,Filmbühne,Mo-Su 20:30-02:00,Cervezzaa GmbH,no,,http://www.filmbuehne.com/,no,2023-06-03,outside,,2025-08-04,,,,,,,,,,,,,,,,,,,,,,,,,,,
Dudes4,49.0201466,12.1005055,,,,,,bar,,yes,Dudes4,Mo-Su 19:00+,,no,,http://dudes4.de/,,2025-09-15,,,,,,,no,,,,,,,,,,+49 1512 5206275,,,,,,,,,,,,,
Tikibeat,49.0198175,12.0891782,Regensburg,DE,4,93047,Arnulfsplatz,bar,info@tikibeat.de,,Tikibeat,Th-Sa 19:00-01:00,,,+49 941 93081758,https://www.tikibeat.de/,no,,,,,,,,,,,,,,,,,,,,,,,,,,,,,,,
Il Bar,49.0194657,12.0902638,Regensburg,DE,7,93047,Drei-Mohren-Straße,bar,,yes,Il Bar,"Mo-Th 08:00-23:00, Fr,Sa 08:00-24:00, Su 09:00-23:00, PH 09:00-23:00",,yes,,,yes,,outside,,,,,,,,,,,,,,,,+49 941 59854120,,,,,,,,,,,,,
Kosmonaut,49.0209162,12.0965443,Regensburg,DE,10,93047,Goldene-Bären-Straße,bar,info@kosmonaut-bar.de,yes,Kosmonaut,Tu-Sa 20:00-02:00,,no,,,limited,2023-06-03,,,,,,,,,,,,,,,,vielleicht mit Handrolli und Hilfe möglich. Behinderten gerechtes WC unklar,,,,,,,,,,,,,,
Vincent,49.0157858,12.0987765,Regensburg,DE,,93047,,bar,,,Vincent,"""nur für Hotelgäste""",,,+49 941 3822 5598,,,,,,,,,,,,,,,,,,,,,,,,,,,,,,,,,
Mira Regensburg,49.0179875,12.094145,Regensburg,DE,,93047,,bar,,,Mira Regensburg,,,,,,,,,,2025-05-26,,,,,,,,,,,,,,,,,,,,,,,,,,,
Barock Bar,49.0199932,12.0968144,,,,,,bar,,,Barock Bar,Mo-Su 20:00-24:00,,,,,no,,,,2025-09-10,,,,,,,,,,,,,,,,,,,,,,,,,,,
Beer Dorado,49.0190725,12.1043674,,,,,,pub,,yes,Beer Dorado,Tu-Sa 18:00-24:00,,yes,,,,,,,2025-10-07,pizza,,,,,,,,,,,,,,,,,,,,,,,,,,
Chin-Chin,49.0186179,12.0919865,Regensburg,DE,12,93047,Gesandtenstraße,bar,,yes,Chin-Chin,"Mo-Th 16:00-24:00, Fr-Sa 13:00-01:00; Su 13:00-24:00; PH off",,yes,,,,,,,,,,,,,,,,,,,,,,,,,,,,,,,,,,
No7 Bar,49.0193158,12.0917748,Regensburg,DE,3,93047,Glockengasse,bar,,,No7 Bar,We-Sa 21:00-02:00; PH off,,,+49 941 563108,www.no7-bar.de,,,,,,,,,,,,,,,,,,,,,,,,,,,,,,,,
VINYL,49.0192901,12.0928264,,,,,,bar,,yes,VINYL,"Mo 18:00-01:00, Tu-Th 18:00-02:00, Fr 18:00-03:00, Sa 14:00-03:00, Su 18:00-24:00",,yes,,http://www.vinyl-bar.com/,limited,,,,,,,,,,,,,,,,,,,,,,,,,,,,,,,
Zazu,49.0202527,12.098125,Regensburg,DE,3,93047,Unter den Schwibbögen,bar,,,Zazu,,,,,https://zazu-lounge.de/,,2025-09-15,,,2025-09-15,,,,no,,,,,,,,,,,,,,,,,,,,,,,
Hausbar,49.0189976,12.0941522,Regensburg,DE,7,93047,Hinter der Grieb,bar,,yes,Hausbar,Th-Sa 21:00-00:20; PH off,Agostinho Dias Coelho,no,+49 171 91 87 284,http://www.hausbar-regensburg.de,,,,,,,,,,,,,,,,,,,,no,,,,,,,,,,,,
Astra Kiezbar,49.0194148,12.0918022,Regensburg,DE,1,93047,Glockengasse,bar,kontakt@astra-bar.de,yes,Astra Kiezbar,Tu-Sa 20:00-24:00; Fr-Su 00:00-02:00; PH off,,no,,https://www.astra-bar.de/,,,,,,,,,,,,,,,,,,,,,,,,,,,,,,,,
Bar.bar.a,49.0200768,12.0968057,Regensburg,DE,7,93047,Watmarkt,bar,,,Bar.bar.a,,,,,,no,,,,,,,,,,,,,,,,,,+49 941 38228834,,hello@bar-bara.de,https://bar-bara.de/,Séparée,,,,,,,,,
Tipsy,49.0190795,12.0949557,,,,,,bar,,,Tipsy,"Tu-Th 17:00-23:00, Fr 17:00-24:00, Sa 16:00-24:00",,,,https://betterbetipsy.de/,,,,,,,,,,,,,,,,,,,,,,,,,,,,,,,,
Bonaparte Bar,49.0189936,12.0953376,Regensburg,DE,,93047,,bar,,yes,Bonaparte Bar,Tu-Th 12:00-01:00; Fr 12:00-02:00; Sa 12:00-03:00; Su 12:00-00:00,,yes,,https://bonaparte-bar.de/,no,,,,,,,,,,,,,,,,,,,,,,,,,,,,,,,
FassBar,49.0174823,12.0937078,Regensburg,DE,10,93047,Spiegelgasse,bar,,,FassBar,Tu-Sa 21:00+,,,,,no,,,,,,https://www.facebook.com/p/Augustiner-Wirtschaft-FassBar-100063537012456/,,,,,,,,,,,,,Augustiner Bräu München,kontakt@augustiner-fassbar.de,https://www.regensburg-events.com/studentenwirtschaft-fass-bar,,https://www.instagram.com/augustiner.fassbar/,+49 173 3916893,18,,,,,,
Klappe,49.0255759,12.097004,Regensburg,DE,13,93059,Stadtamhof,pub,Klappe@lb-team.de,yes,Klappe,Mo-Su 16:00-23:30,Klappe Gastronomie eG,yes,+49 941 8500880,http://www.klappe-regensburg.de,limited,,,no,2025-10-20,,,,,,,,,,,,,,,yes,,,,,,,yes,Q41268888,,,,
Marple & Stringer,49.0187403,12.0891578,Regensburg,DE,4,93047,Bismarckplatz,bar,,yes,Marple & Stringer,"Mo-Fr 11:00-15:00,17:00-02:00, Sa,Su 10:00-02:00",,yes,+49 941 20904439,https://www.marple-and-stringer.de/,limited,,,no,,burger,marpleandstringer,,,,,,,,,,,,,,,,,marpleandstringer,,,commercial,Q98671560,3,marpleandstringer,1,skillion
